article,year,month,views,buzzword
Artificial_intelligence,2015,7,154628,Artificial intelligence
Artificial_intelligence,2015,8,152753,Artificial intelligence
Artificial_intelligence,2015,9,186343,Artificial intelligence
Artificial_intelligence,2015,10,165229,Artificial intelligence
Artificial_intelligence,2015,11,163022,Artificial intelligence
Artificial_intelligence,2015,12,157034,Artificial intelligence
Artificial_intelligence,2016,1,167471,Artificial intelligence
Artificial_intelligence,2016,2,160975,Artificial intelligence
Artificial_intelligence,2016,3,191926,Artificial intelligence
Artificial_intelligence,2016,4,181614,Artificial intelligence
Artificial_intelligence,2016,5,193471,Artificial intelligence
Artificial_intelligence,2016,6,163772,Artificial intelligence
Artificial_intelligence,2016,7,154813,Artificial intelligence
Artificial_intelligence,2016,8,151368,Artificial intelligence
Artificial_intelligence,2016,9,205468,Artificial intelligence
Artificial_intelligence,2016,10,321605,Artificial intelligence
Artificial_intelligence,2016,11,204970,Artificial intelligence
Artificial_intelligence,2016,12,198649,Artificial intelligence
Artificial_intelligence,2017,1,219953,Artificial intelligence
Artificial_intelligence,2017,2,207342,Artificial intelligence
Artificial_intelligence,2017,3,244205,Artificial intelligence
Artificial_intelligence,2017,4,216074,Artificial intelligence
Artificial_intelligence,2017,5,253139,Artificial intelligence
Artificial_intelligence,2017,6,211736,Artificial intelligence
Artificial_intelligence,2017,7,234765,Artificial intelligence
Artificial_intelligence,2017,8,272027,Artificial intelligence
Artificial_intelligence,2017,9,306173,Artificial intelligence
Artificial_intelligence,2017,10,318141,Artificial intelligence
Artificial_intelligence,2017,11,341511,Artificial intelligence
Artificial_intelligence,2017,12,301305,Artificial intelligence
Artificial_intelligence,2018,1,318672,Artificial intelligence
Artificial_intelligence,2018,2,283929,Artificial intelligence
Artificial_intelligence,2018,3,325164,Artificial intelligence
Artificial_intelligence,2018,4,313622,Artificial intelligence
Artificial_intelligence,2018,5,332351,Artificial intelligence
Artificial_intelligence,2018,6,286271,Artificial intelligence
Artificial_intelligence,2018,7,302742,Artificial intelligence
Artificial_intelligence,2018,8,301544,Artificial intelligence
Artificial_intelligence,2018,9,305888,Artificial intelligence
Artificial_intelligence,2018,10,345573,Artificial intelligence
Artificial_intelligence,2018,11,348096,Artificial intelligence
Artificial_intelligence,2018,12,304470,Artificial intelligence
Artificial_intelligence,2019,1,314504,Artificial intelligence
Artificial_intelligence,2019,2,305825,Artificial intelligence
Artificial_intelligence,2019,3,331799,Artificial intelligence
Artificial_intelligence,2019,4,366035,Artificial intelligence
Artificial_intelligence,2019,5,316743,Artificial intelligence
Artificial_intelligence,2019,6,290375,Artificial intelligence
Artificial_intelligence,2019,7,316243,Artificial intelligence
Artificial_intelligence,2019,8,297669,Artificial intelligence
Artificial_intelligence,2019,9,341983,Artificial intelligence
Artificial_intelligence,2019,10,339881,Artificial intelligence
Artificial_intelligence,2019,11,333679,Artificial intelligence
Artificial_intelligence,2019,12,279140,Artificial intelligence
Artificial_intelligence,2020,1,317016,Artificial intelligence
Artificial_intelligence,2020,2,319278,Artificial intelligence
Artificial_intelligence,2020,3,270533,Artificial intelligence
Artificial_intelligence,2020,4,290156,Artificial intelligence
Artificial_intelligence,2020,5,293118,Artificial intelligence
Artificial_intelligence,2020,6,260703,Artificial intelligence
Artificial_intelligence,2020,7,260298,Artificial intelligence
Artificial_intelligence,2020,8,259656,Artificial intelligence
Artificial_intelligence,2020,9,275360,Artificial intelligence
Artificial_intelligence,2020,10,292349,Artificial intelligence
Artificial_intelligence,2020,11,281266,Artificial intelligence
Artificial_intelligence,2020,12,268852,Artificial intelligence
Artificial_intelligence,2021,1,261391,Artificial intelligence
Artificial_intelligence,2021,2,243879,Artificial intelligence
Artificial_intelligence,2021,3,271457,Artificial intelligence
Artificial_intelligence,2021,4,234934,Artificial intelligence
Artificial_intelligence,2021,5,234791,Artificial intelligence
Artificial_intelligence,2021,6,217516,Artificial intelligence
Artificial_intelligence,2021,7,358191,Artificial intelligence
Artificial_intelligence,2021,8,415143,Artificial intelligence
Artificial_intelligence,2021,9,419394,Artificial intelligence
Artificial_intelligence,2021,10,390716,Artificial intelligence
Artificial_intelligence,2021,11,355754,Artificial intelligence
Artificial_intelligence,2021,12,362188,Artificial intelligence
Artificial_intelligence,2022,1,408061,Artificial intelligence
Artificial_intelligence,2022,2,448139,Artificial intelligence
Artificial_intelligence,2022,3,544044,Artificial intelligence
Artificial_intelligence,2022,4,505964,Artificial intelligence
Artificial_intelligence,2022,5,497873,Artificial intelligence
Artificial_intelligence,2022,6,484440,Artificial intelligence
Artificial_intelligence,2022,7,514369,Artificial intelligence
Artificial_intelligence,2022,8,573048,Artificial intelligence
Artificial_intelligence,2022,9,668291,Artificial intelligence
Artificial_intelligence,2022,10,653348,Artificial intelligence
Artificial_intelligence,2022,11,633033,Artificial intelligence
Artificial_intelligence,2022,12,558395,Artificial intelligence
Artificial_intelligence,2023,1,481034,Artificial intelligence
Artificial_intelligence,2023,2,594623,Artificial intelligence
Artificial_intelligence,2023,3,789356,Artificial intelligence
Artificial_intelligence,2023,4,719573,Artificial intelligence
Artificial_intelligence,2023,5,939315,Artificial intelligence
Artificial_intelligence,2023,6,1046386,Artificial intelligence
Artificial_intelligence,2023,7,1110982,Artificial intelligence
Artificial_intelligence,2023,8,1049278,Artificial intelligence
Artificial_intelligence,2023,9,894225,Artificial intelligence
Artificial_intelligence,2023,10,959075,Artificial intelligence
Artificial_intelligence,2023,11,928178,Artificial intelligence
Artificial_intelligence,2023,12,976953,Artificial intelligence
Artificial_intelligence,2024,1,1328708,Artificial intelligence
Artificial_intelligence,2024,2,927018,Artificial intelligence
Artificial_intelligence,2024,3,951782,Artificial intelligence
Artificial_intelligence,2024,4,840071,Artificial intelligence
Artificial_intelligence,2024,5,707230,Artificial intelligence
Artificial_intelligence,2024,6,522652,Artificial intelligence
Artificial_intelligence,2024,7,504482,Artificial intelligence
Artificial_intelligence,2024,8,531580,Artificial intelligence
Artificial_intelligence,2024,9,552827,Artificial intelligence
Artificial_intelligence,2024,10,582085,Artificial intelligence
Artificial_intelligence,2024,11,643081,Artificial intelligence
Artificial_intelligence,2024,12,571737,Artificial intelligence
Artificial_intelligence,2025,1,667416,Artificial intelligence
Artificial_intelligence,2025,2,641695,Artificial intelligence
Artificial_intelligence,2025,3,722658,Artificial intelligence
Artificial_intelligence,2025,4,690359,Artificial intelligence
Artificial_intelligence,2025,5,705675,Artificial intelligence
Artificial_intelligence,2025,6,721352,Artificial intelligence
Artificial_intelligence,2025,7,503314,Artificial intelligence
Artificial_intelligence,2025,8,707464,Artificial intelligence
Artificial_intelligence,2025,9,661540,Artificial intelligence
Artificial_intelligence,2025,10,739991,Artificial intelligence
Artificial_intelligence,2025,11,636443,Artificial intelligence
Cryptocurrency,2015,7,35144,Cryptocurrency
Cryptocurrency,2015,8,28071,Cryptocurrency
Cryptocurrency,2015,9,28470,Cryptocurrency
Cryptocurrency,2015,10,32102,Cryptocurrency
Cryptocurrency,2015,11,32811,Cryptocurrency
Cryptocurrency,2015,12,33305,Cryptocurrency
Cryptocurrency,2016,1,34930,Cryptocurrency
Cryptocurrency,2016,2,34395,Cryptocurrency
Cryptocurrency,2016,3,38395,Cryptocurrency
Cryptocurrency,2016,4,35745,Cryptocurrency
Cryptocurrency,2016,5,42008,Cryptocurrency
Cryptocurrency,2016,6,42954,Cryptocurrency
Cryptocurrency,2016,7,42448,Cryptocurrency
Cryptocurrency,2016,8,65878,Cryptocurrency
Cryptocurrency,2016,9,45483,Cryptocurrency
Cryptocurrency,2016,10,48494,Cryptocurrency
Cryptocurrency,2016,11,59601,Cryptocurrency
Cryptocurrency,2016,12,59691,Cryptocurrency
Cryptocurrency,2017,1,73058,Cryptocurrency
Cryptocurrency,2017,2,57484,Cryptocurrency
Cryptocurrency,2017,3,83977,Cryptocurrency
Cryptocurrency,2017,4,74198,Cryptocurrency
Cryptocurrency,2017,5,188812,Cryptocurrency
Cryptocurrency,2017,6,227083,Cryptocurrency
Cryptocurrency,2017,7,202505,Cryptocurrency
Cryptocurrency,2017,8,234977,Cryptocurrency
Cryptocurrency,2017,9,268119,Cryptocurrency
Cryptocurrency,2017,10,309064,Cryptocurrency
Cryptocurrency,2017,11,466482,Cryptocurrency
Cryptocurrency,2017,12,982843,Cryptocurrency
Cryptocurrency,2018,1,777983,Cryptocurrency
Cryptocurrency,2018,2,377951,Cryptocurrency
Cryptocurrency,2018,3,337481,Cryptocurrency
Cryptocurrency,2018,4,294261,Cryptocurrency
Cryptocurrency,2018,5,203281,Cryptocurrency
Cryptocurrency,2018,6,174567,Cryptocurrency
Cryptocurrency,2018,7,165930,Cryptocurrency
Cryptocurrency,2018,8,192140,Cryptocurrency
Cryptocurrency,2018,9,175721,Cryptocurrency
Cryptocurrency,2018,10,156693,Cryptocurrency
Cryptocurrency,2018,11,145095,Cryptocurrency
Cryptocurrency,2018,12,124897,Cryptocurrency
Cryptocurrency,2019,1,131715,Cryptocurrency
Cryptocurrency,2019,2,130592,Cryptocurrency
Cryptocurrency,2019,3,125578,Cryptocurrency
Cryptocurrency,2019,4,129840,Cryptocurrency
Cryptocurrency,2019,5,151280,Cryptocurrency
Cryptocurrency,2019,6,156358,Cryptocurrency
Cryptocurrency,2019,7,158043,Cryptocurrency
Cryptocurrency,2019,8,146413,Cryptocurrency
Cryptocurrency,2019,9,147209,Cryptocurrency
Cryptocurrency,2019,10,157364,Cryptocurrency
Cryptocurrency,2019,11,150887,Cryptocurrency
Cryptocurrency,2019,12,156938,Cryptocurrency
Cryptocurrency,2020,1,214222,Cryptocurrency
Cryptocurrency,2020,2,120174,Cryptocurrency
Cryptocurrency,2020,3,164248,Cryptocurrency
Cryptocurrency,2020,4,159981,Cryptocurrency
Cryptocurrency,2020,5,186579,Cryptocurrency
Cryptocurrency,2020,6,138892,Cryptocurrency
Cryptocurrency,2020,7,262486,Cryptocurrency
Cryptocurrency,2020,8,295927,Cryptocurrency
Cryptocurrency,2020,9,228086,Cryptocurrency
Cryptocurrency,2020,10,169889,Cryptocurrency
Cryptocurrency,2020,11,199181,Cryptocurrency
Cryptocurrency,2020,12,250368,Cryptocurrency
Cryptocurrency,2021,1,406414,Cryptocurrency
Cryptocurrency,2021,2,534331,Cryptocurrency
Cryptocurrency,2021,3,382323,Cryptocurrency
Cryptocurrency,2021,4,534209,Cryptocurrency
Cryptocurrency,2021,5,947464,Cryptocurrency
Cryptocurrency,2021,6,474631,Cryptocurrency
Cryptocurrency,2021,7,335971,Cryptocurrency
Cryptocurrency,2021,8,348747,Cryptocurrency
Cryptocurrency,2021,9,359223,Cryptocurrency
Cryptocurrency,2021,10,440147,Cryptocurrency
Cryptocurrency,2021,11,595727,Cryptocurrency
Cryptocurrency,2021,12,427770,Cryptocurrency
Cryptocurrency,2022,1,457945,Cryptocurrency
Cryptocurrency,2022,2,399557,Cryptocurrency
Cryptocurrency,2022,3,337149,Cryptocurrency
Cryptocurrency,2022,4,365239,Cryptocurrency
Cryptocurrency,2022,5,285845,Cryptocurrency
Cryptocurrency,2022,6,231338,Cryptocurrency
Cryptocurrency,2022,7,201306,Cryptocurrency
Cryptocurrency,2022,8,184502,Cryptocurrency
Cryptocurrency,2022,9,212409,Cryptocurrency
Cryptocurrency,2022,10,199684,Cryptocurrency
Cryptocurrency,2022,11,299584,Cryptocurrency
Cryptocurrency,2022,12,183181,Cryptocurrency
Cryptocurrency,2023,1,172118,Cryptocurrency
Cryptocurrency,2023,2,169351,Cryptocurrency
Cryptocurrency,2023,3,154216,Cryptocurrency
Cryptocurrency,2023,4,122719,Cryptocurrency
Cryptocurrency,2023,5,140244,Cryptocurrency
Cryptocurrency,2023,6,141190,Cryptocurrency
Cryptocurrency,2023,7,151763,Cryptocurrency
Cryptocurrency,2023,8,171154,Cryptocurrency
Cryptocurrency,2023,9,149316,Cryptocurrency
Cryptocurrency,2023,10,194568,Cryptocurrency
Cryptocurrency,2023,11,266557,Cryptocurrency
Cryptocurrency,2023,12,258801,Cryptocurrency
Cryptocurrency,2024,1,247273,Cryptocurrency
Cryptocurrency,2024,2,211404,Cryptocurrency
Cryptocurrency,2024,3,286992,Cryptocurrency
Cryptocurrency,2024,4,276569,Cryptocurrency
Cryptocurrency,2024,5,164101,Cryptocurrency
Cryptocurrency,2024,6,118371,Cryptocurrency
Cryptocurrency,2024,7,132392,Cryptocurrency
Cryptocurrency,2024,8,148269,Cryptocurrency
Cryptocurrency,2024,9,156876,Cryptocurrency
Cryptocurrency,2024,10,150144,Cryptocurrency
Cryptocurrency,2024,11,222122,Cryptocurrency
Cryptocurrency,2024,12,262594,Cryptocurrency
Cryptocurrency,2025,1,277010,Cryptocurrency
Cryptocurrency,2025,2,214275,Cryptocurrency
Cryptocurrency,2025,3,254142,Cryptocurrency
Cryptocurrency,2025,4,199945,Cryptocurrency
Cryptocurrency,2025,5,190096,Cryptocurrency
Cryptocurrency,2025,6,170666,Cryptocurrency
Cryptocurrency,2025,7,153098,Cryptocurrency
Cryptocurrency,2025,8,144943,Cryptocurrency
Cryptocurrency,2025,9,131837,Cryptocurrency
Cryptocurrency,2025,10,120845,Cryptocurrency
Cryptocurrency,2025,11,119142,Cryptocurrency
Quantum_computing,2015,7,50127,Quantum computing
Quantum_computing,2015,8,51750,Quantum computing
Quantum_computing,2015,9,66682,Quantum computing
Quantum_computing,2015,10,76940,Quantum computing
Quantum_computing,2015,11,69357,Quantum computing
Quantum_computing,2015,12,138130,Quantum computing
Quantum_computing,2016,1,68002,Quantum computing
Quantum_computing,2016,2,63498,Quantum computing
Quantum_computing,2016,3,73112,Quantum computing
Quantum_computing,2016,4,163938,Quantum computing
Quantum_computing,2016,5,102893,Quantum computing
Quantum_computing,2016,6,62021,Quantum computing
Quantum_computing,2016,7,66729,Quantum computing
Quantum_computing,2016,8,75822,Quantum computing
Quantum_computing,2016,9,77746,Quantum computing
Quantum_computing,2016,10,78174,Quantum computing
Quantum_computing,2016,11,73338,Quantum computing
Quantum_computing,2016,12,68601,Quantum computing
Quantum_computing,2017,1,77033,Quantum computing
Quantum_computing,2017,2,96661,Quantum computing
Quantum_computing,2017,3,102262,Quantum computing
Quantum_computing,2017,4,78636,Quantum computing
Quantum_computing,2017,5,87502,Quantum computing
Quantum_computing,2017,6,71056,Quantum computing
Quantum_computing,2017,7,82995,Quantum computing
Quantum_computing,2017,8,69212,Quantum computing
Quantum_computing,2017,9,98446,Quantum computing
Quantum_computing,2017,10,110367,Quantum computing
Quantum_computing,2017,11,121787,Quantum computing
Quantum_computing,2017,12,122046,Quantum computing
Quantum_computing,2018,1,131403,Quantum computing
Quantum_computing,2018,2,104746,Quantum computing
Quantum_computing,2018,3,122076,Quantum computing
Quantum_computing,2018,4,101241,Quantum computing
Quantum_computing,2018,5,94518,Quantum computing
Quantum_computing,2018,6,85536,Quantum computing
Quantum_computing,2018,7,96066,Quantum computing
Quantum_computing,2018,8,94282,Quantum computing
Quantum_computing,2018,9,96664,Quantum computing
Quantum_computing,2018,10,109164,Quantum computing
Quantum_computing,2018,11,99446,Quantum computing
Quantum_computing,2018,12,96580,Quantum computing
Quantum_computing,2019,1,131258,Quantum computing
Quantum_computing,2019,2,98403,Quantum computing
Quantum_computing,2019,3,115419,Quantum computing
Quantum_computing,2019,4,100252,Quantum computing
Quantum_computing,2019,5,101976,Quantum computing
Quantum_computing,2019,6,90666,Quantum computing
Quantum_computing,2019,7,87822,Quantum computing
Quantum_computing,2019,8,88983,Quantum computing
Quantum_computing,2019,9,138560,Quantum computing
Quantum_computing,2019,10,231044,Quantum computing
Quantum_computing,2019,11,145372,Quantum computing
Quantum_computing,2019,12,118835,Quantum computing
Quantum_computing,2020,1,109689,Quantum computing
Quantum_computing,2020,2,99854,Quantum computing
Quantum_computing,2020,3,94290,Quantum computing
Quantum_computing,2020,4,103678,Quantum computing
Quantum_computing,2020,5,98585,Quantum computing
Quantum_computing,2020,6,86146,Quantum computing
Quantum_computing,2020,7,82530,Quantum computing
Quantum_computing,2020,8,86231,Quantum computing
Quantum_computing,2020,9,89610,Quantum computing
Quantum_computing,2020,10,86688,Quantum computing
Quantum_computing,2020,11,81929,Quantum computing
Quantum_computing,2020,12,114077,Quantum computing
Quantum_computing,2021,1,100982,Quantum computing
Quantum_computing,2021,2,98793,Quantum computing
Quantum_computing,2021,3,114006,Quantum computing
Quantum_computing,2021,4,97278,Quantum computing
Quantum_computing,2021,5,95322,Quantum computing
Quantum_computing,2021,6,93721,Quantum computing
Quantum_computing,2021,7,88287,Quantum computing
Quantum_computing,2021,8,83225,Quantum computing
Quantum_computing,2021,9,88118,Quantum computing
Quantum_computing,2021,10,95281,Quantum computing
Quantum_computing,2021,11,112971,Quantum computing
Quantum_computing,2021,12,98057,Quantum computing
Quantum_computing,2022,1,97012,Quantum computing
Quantum_computing,2022,2,85873,Quantum computing
Quantum_computing,2022,3,82827,Quantum computing
Quantum_computing,2022,4,81855,Quantum computing
Quantum_computing,2022,5,95471,Quantum computing
Quantum_computing,2022,6,91181,Quantum computing
Quantum_computing,2022,7,148101,Quantum computing
Quantum_computing,2022,8,86696,Quantum computing
Quantum_computing,2022,9,92023,Quantum computing
Quantum_computing,2022,10,108709,Quantum computing
Quantum_computing,2022,11,109320,Quantum computing
Quantum_computing,2022,12,99620,Quantum computing
Quantum_computing,2023,1,105498,Quantum computing
Quantum_computing,2023,2,108911,Quantum computing
Quantum_computing,2023,3,126000,Quantum computing
Quantum_computing,2023,4,99640,Quantum computing
Quantum_computing,2023,5,120311,Quantum computing
Quantum_computing,2023,6,127053,Quantum computing
Quantum_computing,2023,7,137985,Quantum computing
Quantum_computing,2023,8,131841,Quantum computing
Quantum_computing,2023,9,106650,Quantum computing
Quantum_computing,2023,10,126769,Quantum computing
Quantum_computing,2023,11,128035,Quantum computing
Quantum_computing,2023,12,177897,Quantum computing
Quantum_computing,2024,1,137000,Quantum computing
Quantum_computing,2024,2,106838,Quantum computing
Quantum_computing,2024,3,119045,Quantum computing
Quantum_computing,2024,4,113432,Quantum computing
Quantum_computing,2024,5,100642,Quantum computing
Quantum_computing,2024,6,87914,Quantum computing
Quantum_computing,2024,7,88069,Quantum computing
Quantum_computing,2024,8,84606,Quantum computing
Quantum_computing,2024,9,91876,Quantum computing
Quantum_computing,2024,10,107498,Quantum computing
Quantum_computing,2024,11,102625,Quantum computing
Quantum_computing,2024,12,218916,Quantum computing
Quantum_computing,2025,1,167540,Quantum computing
Quantum_computing,2025,2,158876,Quantum computing
Quantum_computing,2025,3,131870,Quantum computing
Quantum_computing,2025,4,107552,Quantum computing
Quantum_computing,2025,5,107087,Quantum computing
Quantum_computing,2025,6,87651,Quantum computing
Quantum_computing,2025,7,91105,Quantum computing
Quantum_computing,2025,8,106924,Quantum computing
Quantum_computing,2025,9,146538,Quantum computing
Quantum_computing,2025,10,230643,Quantum computing
Quantum_computing,2025,11,154104,Quantum computing
Blockchain,2015,7,2376,Blockchain
Blockchain,2015,8,2170,Blockchain
Blockchain,2015,9,3278,Blockchain
Blockchain,2015,10,3300,Blockchain
Blockchain,2015,11,4032,Blockchain
Blockchain,2015,12,3920,Blockchain
Blockchain,2016,1,4574,Blockchain
Blockchain,2016,2,4093,Blockchain
Blockchain,2016,3,3861,Blockchain
Blockchain,2016,4,4123,Blockchain
Blockchain,2016,5,8068,Blockchain
Blockchain,2016,6,6260,Blockchain
Blockchain,2016,7,3359,Blockchain
Blockchain,2016,8,3910,Blockchain
Blockchain,2016,9,4458,Blockchain
Blockchain,2016,10,4202,Blockchain
Blockchain,2016,11,4091,Blockchain
Blockchain,2016,12,3778,Blockchain
Blockchain,2017,1,5697,Blockchain
Blockchain,2017,2,17847,Blockchain
Blockchain,2017,3,187488,Blockchain
Blockchain,2017,4,241961,Blockchain
Blockchain,2017,5,344753,Blockchain
Blockchain,2017,6,412012,Blockchain
Blockchain,2017,7,351113,Blockchain
Blockchain,2017,8,347039,Blockchain
Blockchain,2017,9,401959,Blockchain
Blockchain,2017,10,483855,Blockchain
Blockchain,2017,11,569639,Blockchain
Blockchain,2017,12,860531,Blockchain
Blockchain,2018,1,872809,Blockchain
Blockchain,2018,2,617489,Blockchain
Blockchain,2018,3,569683,Blockchain
Blockchain,2018,4,492506,Blockchain
Blockchain,2018,5,531534,Blockchain
Blockchain,2018,6,441720,Blockchain
Blockchain,2018,7,414477,Blockchain
Blockchain,2018,8,381837,Blockchain
Blockchain,2018,9,352682,Blockchain
Blockchain,2018,10,352710,Blockchain
Blockchain,2018,11,313243,Blockchain
Blockchain,2018,12,256369,Blockchain
Blockchain,2019,1,257826,Blockchain
Blockchain,2019,2,223739,Blockchain
Blockchain,2019,3,243640,Blockchain
Blockchain,2019,4,210848,Blockchain
Blockchain,2019,5,220018,Blockchain
Blockchain,2019,6,213596,Blockchain
Blockchain,2019,7,231385,Blockchain
Blockchain,2019,8,215473,Blockchain
Blockchain,2019,9,207011,Blockchain
Blockchain,2019,10,227915,Blockchain
Blockchain,2019,11,226548,Blockchain
Blockchain,2019,12,199505,Blockchain
Blockchain,2020,1,270467,Blockchain
Blockchain,2020,2,164237,Blockchain
Blockchain,2020,3,139847,Blockchain
Blockchain,2020,4,154196,Blockchain
Blockchain,2020,5,152064,Blockchain
Blockchain,2020,6,129413,Blockchain
Blockchain,2020,7,123482,Blockchain
Blockchain,2020,8,127197,Blockchain
Blockchain,2020,9,114970,Blockchain
Blockchain,2020,10,126867,Blockchain
Blockchain,2020,11,156265,Blockchain
Blockchain,2020,12,159563,Blockchain
Blockchain,2021,1,212910,Blockchain
Blockchain,2021,2,242468,Blockchain
Blockchain,2021,3,302396,Blockchain
Blockchain,2021,4,262712,Blockchain
Blockchain,2021,5,317398,Blockchain
Blockchain,2021,6,193294,Blockchain
Blockchain,2021,7,164478,Blockchain
Blockchain,2021,8,157793,Blockchain
Blockchain,2021,9,173734,Blockchain
Blockchain,2021,10,191322,Blockchain
Blockchain,2021,11,243179,Blockchain
Blockchain,2021,12,257417,Blockchain
Blockchain,2022,1,291356,Blockchain
Blockchain,2022,2,237302,Blockchain
Blockchain,2022,3,186560,Blockchain
Blockchain,2022,4,165700,Blockchain
Blockchain,2022,5,164262,Blockchain
Blockchain,2022,6,131276,Blockchain
Blockchain,2022,7,178678,Blockchain
Blockchain,2022,8,129092,Blockchain
Blockchain,2022,9,148564,Blockchain
Blockchain,2022,10,152856,Blockchain
Blockchain,2022,11,173537,Blockchain
Blockchain,2022,12,138819,Blockchain
Blockchain,2023,1,121714,Blockchain
Blockchain,2023,2,102727,Blockchain
Blockchain,2023,3,112018,Blockchain
Blockchain,2023,4,91779,Blockchain
Blockchain,2023,5,88725,Blockchain
Blockchain,2023,6,83512,Blockchain
Blockchain,2023,7,90454,Blockchain
Blockchain,2023,8,92222,Blockchain
Blockchain,2023,9,100325,Blockchain
Blockchain,2023,10,100451,Blockchain
Blockchain,2023,11,108292,Blockchain
Blockchain,2023,12,86066,Blockchain
Blockchain,2024,1,125867,Blockchain
Blockchain,2024,2,100854,Blockchain
Blockchain,2024,3,115979,Blockchain
Blockchain,2024,4,143384,Blockchain
Blockchain,2024,5,91948,Blockchain
Blockchain,2024,6,102983,Blockchain
Blockchain,2024,7,114118,Blockchain
Blockchain,2024,8,85830,Blockchain
Blockchain,2024,9,99329,Blockchain
Blockchain,2024,10,104934,Blockchain
Blockchain,2024,11,115089,Blockchain
Blockchain,2024,12,120179,Blockchain
Blockchain,2025,1,122357,Blockchain
Blockchain,2025,2,124565,Blockchain
Blockchain,2025,3,144568,Blockchain
Blockchain,2025,4,118324,Blockchain
Blockchain,2025,5,99242,Blockchain
Blockchain,2025,6,99153,Blockchain
Blockchain,2025,7,98393,Blockchain
Blockchain,2025,8,109485,Blockchain
Blockchain,2025,9,90557,Blockchain
Blockchain,2025,10,90139,Blockchain
Blockchain,2025,11,82073,Blockchain
Edge_computing,2015,7,3339,Edge computing
Edge_computing,2015,8,3345,Edge computing
Edge_computing,2015,9,3618,Edge computing
Edge_computing,2015,10,3923,Edge computing
Edge_computing,2015,11,4033,Edge computing
Edge_computing,2015,12,3799,Edge computing
Edge_computing,2016,1,4453,Edge computing
Edge_computing,2016,2,4620,Edge computing
Edge_computing,2016,3,5551,Edge computing
Edge_computing,2016,4,4845,Edge computing
Edge_computing,2016,5,5410,Edge computing
Edge_computing,2016,6,5498,Edge computing
Edge_computing,2016,7,5069,Edge computing
Edge_computing,2016,8,5261,Edge computing
Edge_computing,2016,9,6282,Edge computing
Edge_computing,2016,10,6355,Edge computing
Edge_computing,2016,11,6750,Edge computing
Edge_computing,2016,12,7991,Edge computing
Edge_computing,2017,1,9035,Edge computing
Edge_computing,2017,2,8712,Edge computing
Edge_computing,2017,3,11306,Edge computing
Edge_computing,2017,4,9220,Edge computing
Edge_computing,2017,5,12326,Edge computing
Edge_computing,2017,6,11274,Edge computing
Edge_computing,2017,7,10211,Edge computing
Edge_computing,2017,8,13930,Edge computing
Edge_computing,2017,9,12873,Edge computing
Edge_computing,2017,10,16816,Edge computing
Edge_computing,2017,11,16908,Edge computing
Edge_computing,2017,12,13920,Edge computing
Edge_computing,2018,1,18924,Edge computing
Edge_computing,2018,2,19682,Edge computing
Edge_computing,2018,3,21513,Edge computing
Edge_computing,2018,4,20027,Edge computing
Edge_computing,2018,5,22126,Edge computing
Edge_computing,2018,6,19936,Edge computing
Edge_computing,2018,7,18876,Edge computing
Edge_computing,2018,8,21538,Edge computing
Edge_computing,2018,9,24235,Edge computing
Edge_computing,2018,10,24646,Edge computing
Edge_computing,2018,11,22764,Edge computing
Edge_computing,2018,12,20915,Edge computing
Edge_computing,2019,1,26059,Edge computing
Edge_computing,2019,2,25653,Edge computing
Edge_computing,2019,3,26210,Edge computing
Edge_computing,2019,4,26482,Edge computing
Edge_computing,2019,5,27800,Edge computing
Edge_computing,2019,6,24937,Edge computing
Edge_computing,2019,7,26373,Edge computing
Edge_computing,2019,8,25337,Edge computing
Edge_computing,2019,9,28763,Edge computing
Edge_computing,2019,10,32177,Edge computing
Edge_computing,2019,11,30982,Edge computing
Edge_computing,2019,12,28781,Edge computing
Edge_computing,2020,1,33585,Edge computing
Edge_computing,2020,2,34523,Edge computing
Edge_computing,2020,3,29993,Edge computing
Edge_computing,2020,4,34035,Edge computing
Edge_computing,2020,5,33582,Edge computing
Edge_computing,2020,6,32310,Edge computing
Edge_computing,2020,7,32483,Edge computing
Edge_computing,2020,8,32314,Edge computing
Edge_computing,2020,9,33920,Edge computing
Edge_computing,2020,10,35946,Edge computing
Edge_computing,2020,11,33328,Edge computing
Edge_computing,2020,12,32025,Edge computing
Edge_computing,2021,1,35174,Edge computing
Edge_computing,2021,2,33182,Edge computing
Edge_computing,2021,3,37979,Edge computing
Edge_computing,2021,4,36099,Edge computing
Edge_computing,2021,5,39102,Edge computing
Edge_computing,2021,6,36696,Edge computing
Edge_computing,2021,7,36879,Edge computing
Edge_computing,2021,8,45040,Edge computing
Edge_computing,2021,9,42766,Edge computing
Edge_computing,2021,10,41419,Edge computing
Edge_computing,2021,11,39208,Edge computing
Edge_computing,2021,12,35575,Edge computing
Edge_computing,2022,1,36483,Edge computing
Edge_computing,2022,2,35487,Edge computing
Edge_computing,2022,3,36938,Edge computing
Edge_computing,2022,4,33381,Edge computing
Edge_computing,2022,5,36330,Edge computing
Edge_computing,2022,6,33618,Edge computing
Edge_computing,2022,7,29843,Edge computing
Edge_computing,2022,8,32786,Edge computing
Edge_computing,2022,9,32369,Edge computing
Edge_computing,2022,10,33369,Edge computing
Edge_computing,2022,11,32702,Edge computing
Edge_computing,2022,12,26664,Edge computing
Edge_computing,2023,1,34732,Edge computing
Edge_computing,2023,2,28310,Edge computing
Edge_computing,2023,3,30186,Edge computing
Edge_computing,2023,4,21896,Edge computing
Edge_computing,2023,5,24097,Edge computing
Edge_computing,2023,6,22020,Edge computing
Edge_computing,2023,7,20677,Edge computing
Edge_computing,2023,8,20677,Edge computing
Edge_computing,2023,9,19977,Edge computing
Edge_computing,2023,10,21756,Edge computing
Edge_computing,2023,11,20836,Edge computing
Edge_computing,2023,12,18872,Edge computing
Edge_computing,2024,1,28385,Edge computing
Edge_computing,2024,2,24144,Edge computing
Edge_computing,2024,3,26842,Edge computing
Edge_computing,2024,4,20742,Edge computing
Edge_computing,2024,5,20297,Edge computing
Edge_computing,2024,6,20497,Edge computing
Edge_computing,2024,7,18737,Edge computing
Edge_computing,2024,8,18845,Edge computing
Edge_computing,2024,9,20447,Edge computing
Edge_computing,2024,10,21703,Edge computing
Edge_computing,2024,11,23745,Edge computing
Edge_computing,2024,12,27643,Edge computing
Edge_computing,2025,1,27238,Edge computing
Edge_computing,2025,2,17739,Edge computing
Edge_computing,2025,3,24884,Edge computing
Edge_computing,2025,4,19250,Edge computing
Edge_computing,2025,5,16117,Edge computing
Edge_computing,2025,6,16885,Edge computing
Edge_computing,2025,7,16000,Edge computing
Edge_computing,2025,8,17355,Edge computing
Edge_computing,2025,9,15249,Edge computing
Edge_computing,2025,10,16407,Edge computing
Edge_computing,2025,11,17175,Edge computing
Metaverse,2015,7,3118,Metaverse
Metaverse,2015,8,3146,Metaverse
Metaverse,2015,9,3363,Metaverse
Metaverse,2015,10,3610,Metaverse
Metaverse,2015,11,3351,Metaverse
Metaverse,2015,12,3446,Metaverse
Metaverse,2016,1,3679,Metaverse
Metaverse,2016,2,3582,Metaverse
Metaverse,2016,3,3971,Metaverse
Metaverse,2016,4,3921,Metaverse
Metaverse,2016,5,3731,Metaverse
Metaverse,2016,6,3511,Metaverse
Metaverse,2016,7,3485,Metaverse
Metaverse,2016,8,8079,Metaverse
Metaverse,2016,9,3445,Metaverse
Metaverse,2016,10,3283,Metaverse
Metaverse,2016,11,3703,Metaverse
Metaverse,2016,12,3719,Metaverse
Metaverse,2017,1,3755,Metaverse
Metaverse,2017,2,3068,Metaverse
Metaverse,2017,3,3666,Metaverse
Metaverse,2017,4,3995,Metaverse
Metaverse,2017,5,4658,Metaverse
Metaverse,2017,6,5899,Metaverse
Metaverse,2017,7,3923,Metaverse
Metaverse,2017,8,3620,Metaverse
Metaverse,2017,9,4622,Metaverse
Metaverse,2017,10,6461,Metaverse
Metaverse,2017,11,4152,Metaverse
Metaverse,2017,12,4294,Metaverse
Metaverse,2018,1,4432,Metaverse
Metaverse,2018,2,3463,Metaverse
Metaverse,2018,3,4151,Metaverse
Metaverse,2018,4,4028,Metaverse
Metaverse,2018,5,3376,Metaverse
Metaverse,2018,6,3504,Metaverse
Metaverse,2018,7,3732,Metaverse
Metaverse,2018,8,4031,Metaverse
Metaverse,2018,9,3431,Metaverse
Metaverse,2018,10,3555,Metaverse
Metaverse,2018,11,3119,Metaverse
Metaverse,2018,12,3242,Metaverse
Metaverse,2019,1,3921,Metaverse
Metaverse,2019,2,3760,Metaverse
Metaverse,2019,3,3564,Metaverse
Metaverse,2019,4,3545,Metaverse
Metaverse,2019,5,3582,Metaverse
Metaverse,2019,6,4234,Metaverse
Metaverse,2019,7,3902,Metaverse
Metaverse,2019,8,4885,Metaverse
Metaverse,2019,9,4531,Metaverse
Metaverse,2019,10,4640,Metaverse
Metaverse,2019,11,4534,Metaverse
Metaverse,2019,12,6349,Metaverse
Metaverse,2020,1,82140,Metaverse
Metaverse,2020,2,5808,Metaverse
Metaverse,2020,3,4593,Metaverse
Metaverse,2020,4,8962,Metaverse
Metaverse,2020,5,8597,Metaverse
Metaverse,2020,6,6212,Metaverse
Metaverse,2020,7,7066,Metaverse
Metaverse,2020,8,7293,Metaverse
Metaverse,2020,9,6998,Metaverse
Metaverse,2020,10,7981,Metaverse
Metaverse,2020,11,8232,Metaverse
Metaverse,2020,12,8116,Metaverse
Metaverse,2021,1,11005,Metaverse
Metaverse,2021,2,12609,Metaverse
Metaverse,2021,3,28830,Metaverse
Metaverse,2021,4,35890,Metaverse
Metaverse,2021,5,32644,Metaverse
Metaverse,2021,6,29862,Metaverse
Metaverse,2021,7,63429,Metaverse
Metaverse,2021,8,100029,Metaverse
Metaverse,2021,9,92306,Metaverse
Metaverse,2021,10,517567,Metaverse
Metaverse,2021,11,700403,Metaverse
Metaverse,2021,12,673558,Metaverse
Metaverse,2022,1,686980,Metaverse
Metaverse,2022,2,523708,Metaverse
Metaverse,2022,3,325738,Metaverse
Metaverse,2022,4,247087,Metaverse
Metaverse,2022,5,194363,Metaverse
Metaverse,2022,6,172347,Metaverse
Metaverse,2022,7,150643,Metaverse
Metaverse,2022,8,188025,Metaverse
Metaverse,2022,9,192739,Metaverse
Metaverse,2022,10,275096,Metaverse
Metaverse,2022,11,254397,Metaverse
Metaverse,2022,12,132622,Metaverse
Metaverse,2023,1,124532,Metaverse
Metaverse,2023,2,109734,Metaverse
Metaverse,2023,3,122048,Metaverse
Metaverse,2023,4,73147,Metaverse
Metaverse,2023,5,78476,Metaverse
Metaverse,2023,6,66087,Metaverse
Metaverse,2023,7,73822,Metaverse
Metaverse,2023,8,60226,Metaverse
Metaverse,2023,9,58992,Metaverse
Metaverse,2023,10,71935,Metaverse
Metaverse,2023,11,53731,Metaverse
Metaverse,2023,12,49511,Metaverse
Metaverse,2024,1,74108,Metaverse
Metaverse,2024,2,60060,Metaverse
Metaverse,2024,3,58008,Metaverse
Metaverse,2024,4,63382,Metaverse
Metaverse,2024,5,61733,Metaverse
Metaverse,2024,6,64292,Metaverse
Metaverse,2024,7,45348,Metaverse
Metaverse,2024,8,44582,Metaverse
Metaverse,2024,9,50779,Metaverse
Metaverse,2024,10,49646,Metaverse
Metaverse,2024,11,52195,Metaverse
Metaverse,2024,12,53053,Metaverse
Metaverse,2025,1,58430,Metaverse
Metaverse,2025,2,43312,Metaverse
Metaverse,2025,3,47461,Metaverse
Metaverse,2025,4,58496,Metaverse
Metaverse,2025,5,53625,Metaverse
Metaverse,2025,6,35741,Metaverse
Metaverse,2025,7,31695,Metaverse
Metaverse,2025,8,32304,Metaverse
Metaverse,2025,9,33194,Metaverse
Metaverse,2025,10,31517,Metaverse
Metaverse,2025,11,32019,Metaverse
Chatbot,2015,7,2535,Chatbot
Chatbot,2015,8,2154,Chatbot
Chatbot,2015,9,2433,Chatbot
Chatbot,2015,10,2531,Chatbot
Chatbot,2015,11,2018,Chatbot
Chatbot,2015,12,2592,Chatbot
Chatbot,2016,1,2701,Chatbot
Chatbot,2016,2,2841,Chatbot
Chatbot,2016,3,6110,Chatbot
Chatbot,2016,4,20651,Chatbot
Chatbot,2016,5,11957,Chatbot
Chatbot,2016,6,13305,Chatbot
Chatbot,2016,7,14027,Chatbot
Chatbot,2016,8,11291,Chatbot
Chatbot,2016,9,13744,Chatbot
Chatbot,2016,10,15056,Chatbot
Chatbot,2016,11,16313,Chatbot
Chatbot,2016,12,15995,Chatbot
Chatbot,2017,1,25074,Chatbot
Chatbot,2017,2,32971,Chatbot
Chatbot,2017,3,37500,Chatbot
Chatbot,2017,4,32626,Chatbot
Chatbot,2017,5,36109,Chatbot
Chatbot,2017,6,34247,Chatbot
Chatbot,2017,7,35017,Chatbot
Chatbot,2017,8,42474,Chatbot
Chatbot,2017,9,39737,Chatbot
Chatbot,2017,10,41850,Chatbot
Chatbot,2017,11,40928,Chatbot
Chatbot,2017,12,33491,Chatbot
Chatbot,2018,1,39189,Chatbot
Chatbot,2018,2,36963,Chatbot
Chatbot,2018,3,39111,Chatbot
Chatbot,2018,4,35893,Chatbot
Chatbot,2018,5,38756,Chatbot
Chatbot,2018,6,35504,Chatbot
Chatbot,2018,7,36618,Chatbot
Chatbot,2018,8,37264,Chatbot
Chatbot,2018,9,34613,Chatbot
Chatbot,2018,10,37383,Chatbot
Chatbot,2018,11,32964,Chatbot
Chatbot,2018,12,29781,Chatbot
Chatbot,2019,1,33125,Chatbot
Chatbot,2019,2,31808,Chatbot
Chatbot,2019,3,37343,Chatbot
Chatbot,2019,4,33548,Chatbot
Chatbot,2019,5,31582,Chatbot
Chatbot,2019,6,26903,Chatbot
Chatbot,2019,7,29016,Chatbot
Chatbot,2019,8,29569,Chatbot
Chatbot,2019,9,29130,Chatbot
Chatbot,2019,10,29721,Chatbot
Chatbot,2019,11,32565,Chatbot
Chatbot,2019,12,28768,Chatbot
Chatbot,2020,1,32026,Chatbot
Chatbot,2020,2,29252,Chatbot
Chatbot,2020,3,30120,Chatbot
Chatbot,2020,4,33166,Chatbot
Chatbot,2020,5,28401,Chatbot
Chatbot,2020,6,25412,Chatbot
Chatbot,2020,7,25425,Chatbot
Chatbot,2020,8,23351,Chatbot
Chatbot,2020,9,23267,Chatbot
Chatbot,2020,10,27883,Chatbot
Chatbot,2020,11,27939,Chatbot
Chatbot,2020,12,27149,Chatbot
Chatbot,2021,1,26633,Chatbot
Chatbot,2021,2,24251,Chatbot
Chatbot,2021,3,38039,Chatbot
Chatbot,2021,4,23297,Chatbot
Chatbot,2021,5,22525,Chatbot
Chatbot,2021,6,21790,Chatbot
Chatbot,2021,7,24979,Chatbot
Chatbot,2021,8,22206,Chatbot
Chatbot,2021,9,24354,Chatbot
Chatbot,2021,10,22592,Chatbot
Chatbot,2021,11,23393,Chatbot
Chatbot,2021,12,22665,Chatbot
Chatbot,2022,1,23880,Chatbot
Chatbot,2022,2,21847,Chatbot
Chatbot,2022,3,24536,Chatbot
Chatbot,2022,4,20971,Chatbot
Chatbot,2022,5,23187,Chatbot
Chatbot,2022,6,23698,Chatbot
Chatbot,2022,7,21157,Chatbot
Chatbot,2022,8,21545,Chatbot
Chatbot,2022,9,22844,Chatbot
Chatbot,2022,10,28962,Chatbot
Chatbot,2022,11,23601,Chatbot
Chatbot,2022,12,63076,Chatbot
Chatbot,2023,1,120598,Chatbot
Chatbot,2023,2,140402,Chatbot
Chatbot,2023,3,97503,Chatbot
Chatbot,2023,4,75255,Chatbot
Chatbot,2023,5,80016,Chatbot
Chatbot,2023,6,64888,Chatbot
Chatbot,2023,7,48561,Chatbot
Chatbot,2023,8,45067,Chatbot
Chatbot,2023,9,45388,Chatbot
Chatbot,2023,10,42480,Chatbot
Chatbot,2023,11,43715,Chatbot
Chatbot,2023,12,43050,Chatbot
Chatbot,2024,1,74097,Chatbot
Chatbot,2024,2,55304,Chatbot
Chatbot,2024,3,57695,Chatbot
Chatbot,2024,4,55690,Chatbot
Chatbot,2024,5,111133,Chatbot
Chatbot,2024,6,98432,Chatbot
Chatbot,2024,7,90297,Chatbot
Chatbot,2024,8,82182,Chatbot
Chatbot,2024,9,153406,Chatbot
Chatbot,2024,10,212104,Chatbot
Chatbot,2024,11,109251,Chatbot
Chatbot,2024,12,97893,Chatbot
Chatbot,2025,1,126873,Chatbot
Chatbot,2025,2,81866,Chatbot
Chatbot,2025,3,50794,Chatbot
Chatbot,2025,4,54020,Chatbot
Chatbot,2025,5,40418,Chatbot
Chatbot,2025,6,40525,Chatbot
Chatbot,2025,7,37685,Chatbot
Chatbot,2025,8,40370,Chatbot
Chatbot,2025,9,41899,Chatbot
Chatbot,2025,10,62517,Chatbot
Chatbot,2025,11,57020,Chatbot
Augmented_reality,2015,7,47900,Augmented reality
Augmented_reality,2015,8,46894,Augmented reality
Augmented_reality,2015,9,61536,Augmented reality
Augmented_reality,2015,10,62140,Augmented reality
Augmented_reality,2015,11,58016,Augmented reality
Augmented_reality,2015,12,51845,Augmented reality
Augmented_reality,2016,1,62568,Augmented reality
Augmented_reality,2016,2,67164,Augmented reality
Augmented_reality,2016,3,75246,Augmented reality
Augmented_reality,2016,4,75141,Augmented reality
Augmented_reality,2016,5,68179,Augmented reality
Augmented_reality,2016,6,65120,Augmented reality
Augmented_reality,2016,7,233872,Augmented reality
Augmented_reality,2016,8,107224,Augmented reality
Augmented_reality,2016,9,98638,Augmented reality
Augmented_reality,2016,10,90320,Augmented reality
Augmented_reality,2016,11,89645,Augmented reality
Augmented_reality,2016,12,75848,Augmented reality
Augmented_reality,2017,1,91122,Augmented reality
Augmented_reality,2017,2,93208,Augmented reality
Augmented_reality,2017,3,94552,Augmented reality
Augmented_reality,2017,4,86012,Augmented reality
Augmented_reality,2017,5,82595,Augmented reality
Augmented_reality,2017,6,81062,Augmented reality
Augmented_reality,2017,7,75184,Augmented reality
Augmented_reality,2017,8,76112,Augmented reality
Augmented_reality,2017,9,111057,Augmented reality
Augmented_reality,2017,10,98588,Augmented reality
Augmented_reality,2017,11,97891,Augmented reality
Augmented_reality,2017,12,85674,Augmented reality
Augmented_reality,2018,1,90945,Augmented reality
Augmented_reality,2018,2,85208,Augmented reality
Augmented_reality,2018,3,87426,Augmented reality
Augmented_reality,2018,4,83762,Augmented reality
Augmented_reality,2018,5,78851,Augmented reality
Augmented_reality,2018,6,71496,Augmented reality
Augmented_reality,2018,7,78205,Augmented reality
Augmented_reality,2018,8,82247,Augmented reality
Augmented_reality,2018,9,89939,Augmented reality
Augmented_reality,2018,10,87741,Augmented reality
Augmented_reality,2018,11,77706,Augmented reality
Augmented_reality,2018,12,75181,Augmented reality
Augmented_reality,2019,1,79622,Augmented reality
Augmented_reality,2019,2,75070,Augmented reality
Augmented_reality,2019,3,84899,Augmented reality
Augmented_reality,2019,4,73837,Augmented reality
Augmented_reality,2019,5,72558,Augmented reality
Augmented_reality,2019,6,65926,Augmented reality
Augmented_reality,2019,7,80498,Augmented reality
Augmented_reality,2019,8,76135,Augmented reality
Augmented_reality,2019,9,81806,Augmented reality
Augmented_reality,2019,10,89000,Augmented reality
Augmented_reality,2019,11,94713,Augmented reality
Augmented_reality,2019,12,77557,Augmented reality
Augmented_reality,2020,1,80276,Augmented reality
Augmented_reality,2020,2,73061,Augmented reality
Augmented_reality,2020,3,73032,Augmented reality
Augmented_reality,2020,4,78389,Augmented reality
Augmented_reality,2020,5,79687,Augmented reality
Augmented_reality,2020,6,68699,Augmented reality
Augmented_reality,2020,7,76955,Augmented reality
Augmented_reality,2020,8,63389,Augmented reality
Augmented_reality,2020,9,73766,Augmented reality
Augmented_reality,2020,10,88200,Augmented reality
Augmented_reality,2020,11,80906,Augmented reality
Augmented_reality,2020,12,73227,Augmented reality
Augmented_reality,2021,1,70503,Augmented reality
Augmented_reality,2021,2,68086,Augmented reality
Augmented_reality,2021,3,81451,Augmented reality
Augmented_reality,2021,4,70589,Augmented reality
Augmented_reality,2021,5,63808,Augmented reality
Augmented_reality,2021,6,58656,Augmented reality
Augmented_reality,2021,7,66582,Augmented reality
Augmented_reality,2021,8,60831,Augmented reality
Augmented_reality,2021,9,67607,Augmented reality
Augmented_reality,2021,10,79269,Augmented reality
Augmented_reality,2021,11,80083,Augmented reality
Augmented_reality,2021,12,78949,Augmented reality
Augmented_reality,2022,1,77631,Augmented reality
Augmented_reality,2022,2,83318,Augmented reality
Augmented_reality,2022,3,74938,Augmented reality
Augmented_reality,2022,4,65951,Augmented reality
Augmented_reality,2022,5,68300,Augmented reality
Augmented_reality,2022,6,63542,Augmented reality
Augmented_reality,2022,7,72236,Augmented reality
Augmented_reality,2022,8,84300,Augmented reality
Augmented_reality,2022,9,103124,Augmented reality
Augmented_reality,2022,10,123765,Augmented reality
Augmented_reality,2022,11,103042,Augmented reality
Augmented_reality,2022,12,70066,Augmented reality
Augmented_reality,2023,1,86377,Augmented reality
Augmented_reality,2023,2,83987,Augmented reality
Augmented_reality,2023,3,92098,Augmented reality
Augmented_reality,2023,4,60232,Augmented reality
Augmented_reality,2023,5,73733,Augmented reality
Augmented_reality,2023,6,103843,Augmented reality
Augmented_reality,2023,7,83519,Augmented reality
Augmented_reality,2023,8,74239,Augmented reality
Augmented_reality,2023,9,79231,Augmented reality
Augmented_reality,2023,10,85586,Augmented reality
Augmented_reality,2023,11,85065,Augmented reality
Augmented_reality,2023,12,83020,Augmented reality
Augmented_reality,2024,1,121778,Augmented reality
Augmented_reality,2024,2,94977,Augmented reality
Augmented_reality,2024,3,93864,Augmented reality
Augmented_reality,2024,4,86322,Augmented reality
Augmented_reality,2024,5,58943,Augmented reality
Augmented_reality,2024,6,43199,Augmented reality
Augmented_reality,2024,7,47017,Augmented reality
Augmented_reality,2024,8,46448,Augmented reality
Augmented_reality,2024,9,49108,Augmented reality
Augmented_reality,2024,10,50569,Augmented reality
Augmented_reality,2024,11,50330,Augmented reality
Augmented_reality,2024,12,48909,Augmented reality
Augmented_reality,2025,1,52006,Augmented reality
Augmented_reality,2025,2,44492,Augmented reality
Augmented_reality,2025,3,60732,Augmented reality
Augmented_reality,2025,4,48936,Augmented reality
Augmented_reality,2025,5,56188,Augmented reality
Augmented_reality,2025,6,61904,Augmented reality
Augmented_reality,2025,7,32868,Augmented reality
Augmented_reality,2025,8,50219,Augmented reality
Augmented_reality,2025,9,50670,Augmented reality
Augmented_reality,2025,10,50902,Augmented reality
Augmented_reality,2025,11,41932,Augmented reality
Big_data,2015,7,125286,Big data
Big_data,2015,8,140348,Big data
Big_data,2015,9,148949,Big data
Big_data,2015,10,159006,Big data
Big_data,2015,11,140365,Big data
Big_data,2015,12,125449,Big data
Big_data,2016,1,141163,Big data
Big_data,2016,2,149836,Big data
Big_data,2016,3,146899,Big data
Big_data,2016,4,134730,Big data
Big_data,2016,5,129602,Big data
Big_data,2016,6,117184,Big data
Big_data,2016,7,120045,Big data
Big_data,2016,8,118243,Big data
Big_data,2016,9,134542,Big data
Big_data,2016,10,128501,Big data
Big_data,2016,11,128733,Big data
Big_data,2016,12,112260,Big data
Big_data,2017,1,117829,Big data
Big_data,2017,2,121150,Big data
Big_data,2017,3,135630,Big data
Big_data,2017,4,121096,Big data
Big_data,2017,5,125755,Big data
Big_data,2017,6,114644,Big data
Big_data,2017,7,120936,Big data
Big_data,2017,8,117184,Big data
Big_data,2017,9,117194,Big data
Big_data,2017,10,126003,Big data
Big_data,2017,11,147084,Big data
Big_data,2017,12,127932,Big data
Big_data,2018,1,151512,Big data
Big_data,2018,2,122860,Big data
Big_data,2018,3,126814,Big data
Big_data,2018,4,116624,Big data
Big_data,2018,5,114669,Big data
Big_data,2018,6,101138,Big data
Big_data,2018,7,113359,Big data
Big_data,2018,8,112904,Big data
Big_data,2018,9,122419,Big data
Big_data,2018,10,123912,Big data
Big_data,2018,11,110019,Big data
Big_data,2018,12,94212,Big data
Big_data,2019,1,100894,Big data
Big_data,2019,2,98307,Big data
Big_data,2019,3,108823,Big data
Big_data,2019,4,104631,Big data
Big_data,2019,5,97938,Big data
Big_data,2019,6,103217,Big data
Big_data,2019,7,131993,Big data
Big_data,2019,8,102904,Big data
Big_data,2019,9,104633,Big data
Big_data,2019,10,102800,Big data
Big_data,2019,11,103416,Big data
Big_data,2019,12,89328,Big data
Big_data,2020,1,89702,Big data
Big_data,2020,2,85098,Big data
Big_data,2020,3,84470,Big data
Big_data,2020,4,98977,Big data
Big_data,2020,5,80545,Big data
Big_data,2020,6,72703,Big data
Big_data,2020,7,73741,Big data
Big_data,2020,8,88814,Big data
Big_data,2020,9,81609,Big data
Big_data,2020,10,84471,Big data
Big_data,2020,11,87019,Big data
Big_data,2020,12,78073,Big data
Big_data,2021,1,75608,Big data
Big_data,2021,2,71674,Big data
Big_data,2021,3,85120,Big data
Big_data,2021,4,69801,Big data
Big_data,2021,5,66351,Big data
Big_data,2021,6,64765,Big data
Big_data,2021,7,72922,Big data
Big_data,2021,8,66025,Big data
Big_data,2021,9,76913,Big data
Big_data,2021,10,75092,Big data
Big_data,2021,11,74638,Big data
Big_data,2021,12,65423,Big data
Big_data,2022,1,67333,Big data
Big_data,2022,2,64259,Big data
Big_data,2022,3,70760,Big data
Big_data,2022,4,63732,Big data
Big_data,2022,5,63218,Big data
Big_data,2022,6,53096,Big data
Big_data,2022,7,62568,Big data
Big_data,2022,8,79405,Big data
Big_data,2022,9,80939,Big data
Big_data,2022,10,99250,Big data
Big_data,2022,11,80697,Big data
Big_data,2022,12,59129,Big data
Big_data,2023,1,69920,Big data
Big_data,2023,2,58990,Big data
Big_data,2023,3,62327,Big data
Big_data,2023,4,48754,Big data
Big_data,2023,5,55198,Big data
Big_data,2023,6,85400,Big data
Big_data,2023,7,84667,Big data
Big_data,2023,8,50458,Big data
Big_data,2023,9,47408,Big data
Big_data,2023,10,54119,Big data
Big_data,2023,11,49682,Big data
Big_data,2023,12,42175,Big data
Big_data,2024,1,54308,Big data
Big_data,2024,2,45766,Big data
Big_data,2024,3,47237,Big data
Big_data,2024,4,41819,Big data
Big_data,2024,5,42452,Big data
Big_data,2024,6,36979,Big data
Big_data,2024,7,36991,Big data
Big_data,2024,8,36590,Big data
Big_data,2024,9,40492,Big data
Big_data,2024,10,39656,Big data
Big_data,2024,11,42803,Big data
Big_data,2024,12,35857,Big data
Big_data,2025,1,37535,Big data
Big_data,2025,2,37114,Big data
Big_data,2025,3,37181,Big data
Big_data,2025,4,35801,Big data
Big_data,2025,5,32097,Big data
Big_data,2025,6,29637,Big data
Big_data,2025,7,25603,Big data
Big_data,2025,8,27331,Big data
Big_data,2025,9,31005,Big data
Big_data,2025,10,29042,Big data
Big_data,2025,11,28370,Big data
Generative_artificial_intelligence,2023,3,10538,Generative artificial intelligence
Generative_artificial_intelligence,2023,4,32262,Generative artificial intelligence
Generative_artificial_intelligence,2023,5,68923,Generative artificial intelligence
Generative_artificial_intelligence,2023,6,75657,Generative artificial intelligence
Generative_artificial_intelligence,2023,7,74229,Generative artificial intelligence
Generative_artificial_intelligence,2023,8,77577,Generative artificial intelligence
Generative_artificial_intelligence,2023,9,76690,Generative artificial intelligence
Generative_artificial_intelligence,2023,10,86399,Generative artificial intelligence
Generative_artificial_intelligence,2023,11,90596,Generative artificial intelligence
Generative_artificial_intelligence,2023,12,95803,Generative artificial intelligence
Generative_artificial_intelligence,2024,1,125821,Generative artificial intelligence
Generative_artificial_intelligence,2024,2,112045,Generative artificial intelligence
Generative_artificial_intelligence,2024,3,114468,Generative artificial intelligence
Generative_artificial_intelligence,2024,4,95886,Generative artificial intelligence
Generative_artificial_intelligence,2024,5,108891,Generative artificial intelligence
Generative_artificial_intelligence,2024,6,102049,Generative artificial intelligence
Generative_artificial_intelligence,2024,7,91500,Generative artificial intelligence
Generative_artificial_intelligence,2024,8,88067,Generative artificial intelligence
Generative_artificial_intelligence,2024,9,95695,Generative artificial intelligence
Generative_artificial_intelligence,2024,10,101643,Generative artificial intelligence
Generative_artificial_intelligence,2024,11,125097,Generative artificial intelligence
Generative_artificial_intelligence,2024,12,84140,Generative artificial intelligence
Generative_artificial_intelligence,2025,1,130082,Generative artificial intelligence
Generative_artificial_intelligence,2025,2,118675,Generative artificial intelligence
Generative_artificial_intelligence,2025,3,117651,Generative artificial intelligence
Generative_artificial_intelligence,2025,4,149365,Generative artificial intelligence
Generative_artificial_intelligence,2025,5,131635,Generative artificial intelligence
Generative_artificial_intelligence,2025,6,111214,Generative artificial intelligence
Generative_artificial_intelligence,2025,7,108442,Generative artificial intelligence
Generative_artificial_intelligence,2025,8,100463,Generative artificial intelligence
Generative_artificial_intelligence,2025,9,106825,Generative artificial intelligence
Generative_artificial_intelligence,2025,10,143695,Generative artificial intelligence
Generative_artificial_intelligence,2025,11,128730,Generative artificial intelligence
